"SourcePath","Bytes","SHA256","GitBlob","Status","ArchivePath"
"build-logs/android/build.err.log","20481","9EB48B627560D92C47B276C9ABA85722337033298514475C5F89AEFE74B4D828","382c8678c6124cd7af67573122b97ef5219c3d97","already-archived","archive/log-imports/20260813-workspace-log-baseline-r1/build-logs/android/build.err.log"
"build-logs/android/build.log","2277431","2563B14F24A8DDB4EC4395AA573FEDD5D390921438F3CCF95BFE35FF76A09DAA","335cb29e5b61a9b9129c8b23b6f8b896d74faf88","already-archived","archive/log-imports/20260813-workspace-log-baseline-r1/build-logs/android/build.log"
"build-logs/android/build10.err.log","100","B7AEA83996AAF8484D147AC2FBE37CF2D8D31D73C799F2FABB72A2547735D167","c5545ea4314cd784b20dcc6001d1f111eb4337d2","already-archived","archive/log-imports/20260813-workspace-log-baseline-r1/build-logs/android/build10.err.log"
"build-logs/android/build10.log","2524","648E816C1A10A25F269B5BE18A74249981CC3A9D76BA4A8EA88DA3866D0F0C5A","8baf0aa9a62f0fd9b1118d27630a2b20f5febe9c","already-archived","archive/log-imports/20260813-workspace-log-baseline-r1/build-logs/android/build10.log"
"build-logs/android/build11.err.log","100","B7AEA83996AAF8484D147AC2FBE37CF2D8D31D73C799F2FABB72A2547735D167","c5545ea4314cd784b20dcc6001d1f111eb4337d2","already-archived","archive/log-imports/20260813-workspace-log-baseline-r1/build-logs/android/build10.err.log"
"build-logs/android/build11.log","2524","B8CA54C936DE24482454BF0CDC084E411FE87DB6CEE04A59521CC0CF15D9E8BC","86e73788bc900b56170dca58d8bac5c7b2810385","already-archived","archive/log-imports/20260813-workspace-log-baseline-r1/build-logs/android/build11.log"
"build-logs/android/build12.err.log","100","B7AEA83996AAF8484D147AC2FBE37CF2D8D31D73C799F2FABB72A2547735D167","c5545ea4314cd784b20dcc6001d1f111eb4337d2","already-archived","archive/log-imports/20260813-workspace-log-baseline-r1/build-logs/android/build10.err.log"
"build-logs/android/build12.log","2524","A6B7375C70B1444D51FC74A930D06A433E871AC920FDC7AE2C9D7E66076C993E","040f2913a79cc02528b57bffeb760a6ef8264dd9","already-archived","archive/log-imports/20260813-workspace-log-baseline-r1/build-logs/android/build12.log"
"build-logs/android/build13.err.log","100","B7AEA83996AAF8484D147AC2FBE37CF2D8D31D73C799F2FABB72A2547735D167","c5545ea4314cd784b20dcc6001d1f111eb4337d2","already-archived","archive/log-imports/20260813-workspace-log-baseline-r1/build-logs/android/build10.err.log"
"build-logs/android/build13.log","2521","F5E8835CBF6AFD141B385B945BA55DC1AF8EAD86A87DFC778789AEDE1C47347B","29f31d8601179cf94b8f7f3de3ece5efe4ee6cc7","already-archived","archive/log-imports/20260813-workspace-log-baseline-r1/build-logs/android/build13.log"
"build-logs/android/build14.err.log","0","E3B0C44298FC1C149AFBF4C8996FB92427AE41E4649B934CA495991B7852B855","e69de29bb2d1d6434b8b29ae775ad8c2e48c5391","already-archived","archive/build-logs/android/build14.err.log"
"build-logs/android/build14.log","2538","36F1F8D9ABAEDE536A35F3B3A5E5C2DFC7F94CC4E472BA95146D2E7C1DCBA89E","a715c33506d02af7028bd80380f5cf523ee34ddc","already-archived","archive/log-imports/20260813-workspace-log-baseline-r1/build-logs/android/build14.log"
"build-logs/android/build15.err.log","0","E3B0C44298FC1C149AFBF4C8996FB92427AE41E4649B934CA495991B7852B855","e69de29bb2d1d6434b8b29ae775ad8c2e48c5391","already-archived","archive/build-logs/android/build14.err.log"
"build-logs/android/build15.log","2539","452A9F9F36D44A71FEAD5BA6560374FB9CC3AF56B15A11BC9BE6B898FC9382E1","6372ac4663538aae20d8ada77acf27f6c26d5dda","already-archived","archive/log-imports/20260813-workspace-log-baseline-r1/build-logs/android/build15.log"
"build-logs/android/build2.err.log","202","82DE028937D52C42D1A93F085E7EB902EBD925CFFF59D690F8AC3E771A0ACBBA","1b1ca0e28349022aad35c0d0aa73c7fcd4a3f860","already-archived","archive/log-imports/20260813-workspace-log-baseline-r1/build-logs/android/build2.err.log"
"build-logs/android/build2.log","2470","AF9891D42B5B8894364AC9E3790EAE9C7185A3093553D5326447A80CBD87CF46","26b090382f374f4ab358249c43d01956e62a9f3d","already-archived","archive/log-imports/20260813-workspace-log-baseline-r1/build-logs/android/build2.log"
"build-logs/android/build3.err.log","202","82DE028937D52C42D1A93F085E7EB902EBD925CFFF59D690F8AC3E771A0ACBBA","1b1ca0e28349022aad35c0d0aa73c7fcd4a3f860","already-archived","archive/log-imports/20260813-workspace-log-baseline-r1/build-logs/android/build2.err.log"
"build-logs/android/build3.log","2837","7AADC95290CA19EF4ED264A8DE3C7D2983A95C15282B957368B37DE2D77F25ED","525537c011c2c94d3a554fa9c9bc0013a9ec442f","already-archived","archive/log-imports/20260813-workspace-log-baseline-r1/build-logs/android/build3.log"
"build-logs/android/build4.err.log","100","B7AEA83996AAF8484D147AC2FBE37CF2D8D31D73C799F2FABB72A2547735D167","c5545ea4314cd784b20dcc6001d1f111eb4337d2","already-archived","archive/log-imports/20260813-workspace-log-baseline-r1/build-logs/android/build10.err.log"
"build-logs/android/build4.log","2524","B1E3A6B51F35F0945D9776776F94BF4F6AFCEAD17D72AAD3F50E4D52C3C5332E","e97ecb6a61289b425a04a980d40aedeca9f075d1","already-archived","archive/log-imports/20260813-workspace-log-baseline-r1/build-logs/android/build4.log"
"build-logs/android/build5.err.log","100","B7AEA83996AAF8484D147AC2FBE37CF2D8D31D73C799F2FABB72A2547735D167","c5545ea4314cd784b20dcc6001d1f111eb4337d2","already-archived","archive/log-imports/20260813-workspace-log-baseline-r1/build-logs/android/build10.err.log"
"build-logs/android/build5.log","2521","7258C56C683C635D5620CA43270D1669E1785EB0E169427E0ACA0DBB8DBCAFCA","897e5d4cebfcaf19dbb8153444c7c714b622439f","already-archived","archive/log-imports/20260813-workspace-log-baseline-r1/build-logs/android/build5.log"
"build-logs/android/build6.err.log","100","B7AEA83996AAF8484D147AC2FBE37CF2D8D31D73C799F2FABB72A2547735D167","c5545ea4314cd784b20dcc6001d1f111eb4337d2","already-archived","archive/log-imports/20260813-workspace-log-baseline-r1/build-logs/android/build10.err.log"
"build-logs/android/build6.log","2523","5B527B6A5E6EF1C957D372AADB06F4BCA8EB8AC1ED73CE0E65683EBCD6CA0712","5b2bbda3cd795c75e5dd0f3bb951808ffc2f4702","already-archived","archive/log-imports/20260813-workspace-log-baseline-r1/build-logs/android/build6.log"
"build-logs/android/build7.err.log","181","CB25BD34F3BEECB109B4D6CA8AE61045493B6F425E70202B3F3D0AA1A5BF382C","dede04800f1c63cb1931136d6e4eb360eb357af3","already-archived","archive/log-imports/20260813-workspace-log-baseline-r1/build-logs/android/build7.err.log"
"build-logs/android/build7.log","2546","38AEB61747744F9064531B18D1DD3EEC697271C8B7917E9F2649182675F9C9BC","2ef73b1ac11926835443c339294e79c4066ecc45","already-archived","archive/log-imports/20260813-workspace-log-baseline-r1/build-logs/android/build7.log"
"build-logs/android/build8.err.log","181","CB25BD34F3BEECB109B4D6CA8AE61045493B6F425E70202B3F3D0AA1A5BF382C","dede04800f1c63cb1931136d6e4eb360eb357af3","already-archived","archive/log-imports/20260813-workspace-log-baseline-r1/build-logs/android/build7.err.log"
"build-logs/android/build8.log","2546","38AEB61747744F9064531B18D1DD3EEC697271C8B7917E9F2649182675F9C9BC","2ef73b1ac11926835443c339294e79c4066ecc45","already-archived","archive/log-imports/20260813-workspace-log-baseline-r1/build-logs/android/build7.log"
"build-logs/android/build9.err.log","100","B7AEA83996AAF8484D147AC2FBE37CF2D8D31D73C799F2FABB72A2547735D167","c5545ea4314cd784b20dcc6001d1f111eb4337d2","already-archived","archive/log-imports/20260813-workspace-log-baseline-r1/build-logs/android/build10.err.log"
"build-logs/android/build9.log","2584","FB63F7E41C0637712D385031DE2EEA0D5F8C763EB8145158BAB1DFB3DFB8DA4A","4bfc74a81c375a0d842b41173eab411ed03a0f65","already-archived","archive/log-imports/20260813-workspace-log-baseline-r1/build-logs/android/build9.log"
"build-logs/box64/box64_041.err.log","945","0D12929C189DE7AFF058D218CD3E8F9F7317452CBB6A1CAA53B325E479F74A0A","e42cbd3353de250cc0fcddefe405a69da06a1b47","already-archived","archive/build-logs/box64/box64_041.err.log"
"build-logs/box64/box64_041.log","84","7B59E02CBF57462185644B4E0A32AC86923FFB07965A1F2D3967CE6C3E2314BB","3e12fc69ad7ffd3f8edd0bad2ec023bcf57182ff","already-archived","archive/build-logs/box64/box64_041.log"
"build-logs/box64/box64_042.err.log","2904","D2CB5310C008E90160FD7A963F6E33430FAC91E92F1E86A432B6E0201773B35C","dbf29634e85359bd8c0fe1c413892c434194540b","already-archived","archive/build-logs/box64/box64_042.err.log"
"build-logs/box64/box64_042.log","1056","05081639C17BA7E0B8CD14A611E939CA203C6CD7081DC5C7FFCF273316BE6869","ef92ef37425beb4c04d2405ff66de541505e6990","already-archived","archive/build-logs/box64/box64_042.log"
"build-logs/box64/box64_build.err.log","0","E3B0C44298FC1C149AFBF4C8996FB92427AE41E4649B934CA495991B7852B855","e69de29bb2d1d6434b8b29ae775ad8c2e48c5391","already-archived","archive/build-logs/android/build14.err.log"
"build-logs/box64/box64_build.log","33875","57CA2BF0B4D91FFF462A13F00CF120C9EF50278ADE25043E539887AC1B04A6FE","1ec4e98b9995939b064a1285f75e3590cbd4230b","already-archived","archive/log-imports/20260813-workspace-log-baseline-r1/build-logs/box64/box64_build.log"
"build-logs/box64/box64_build2.err.log","0","E3B0C44298FC1C149AFBF4C8996FB92427AE41E4649B934CA495991B7852B855","e69de29bb2d1d6434b8b29ae775ad8c2e48c5391","already-archived","archive/build-logs/android/build14.err.log"
"build-logs/box64/box64_build2.log","130259","4C976578783A8AD032B61EAFE3926E43F19815DD337393290A79FFF4A75961A3","26262eff5d0294ad92cb0df5a07d95370ce83df0","already-archived","archive/log-imports/20260813-workspace-log-baseline-r1/build-logs/box64/box64_build2.log"
"build-logs/box64/box64_off.err.log","714","69EFC973439077E05E7DCB35F1CB4DD8011C287F5F75E03EB36BE3EA950A23DD","9b4e59f906e72ccca0e1b8f0420fcbfa17e02b26","already-archived","archive/build-logs/box64/box64_off.err.log"
"build-logs/box64/box64_off.log","732","B86762A5AC9723A88E1F0FE5A8F0A2F537BE1A643C571FBAFE497B13ED2C64D1","12b2ab0a9c7cd8987f5ede287822780392ee405c","already-archived","archive/build-logs/box64/box64_off.log"
"build-logs/dxvk/dxvk_build.err.log","0","E3B0C44298FC1C149AFBF4C8996FB92427AE41E4649B934CA495991B7852B855","e69de29bb2d1d6434b8b29ae775ad8c2e48c5391","already-archived","archive/build-logs/android/build14.err.log"
"build-logs/dxvk/dxvk_build.log","2329","FD134852BCFE28BC91FE63F88714CD7C01141ACBE1775CE1D58AED8D7D8426DA","76b8ab19d72dee1579f87161c7c1bb30d4876e10","already-archived","archive/build-logs/dxvk/dxvk_build.log"
"build-logs/dxvk/dxvk_build2.err.log","0","E3B0C44298FC1C149AFBF4C8996FB92427AE41E4649B934CA495991B7852B855","e69de29bb2d1d6434b8b29ae775ad8c2e48c5391","already-archived","archive/build-logs/android/build14.err.log"
"build-logs/dxvk/dxvk_build2.log","6579","3AD84ADE1F3D6847A01AF7FD9F8B912BA98801EFB58901BE4BF193492EA66C09","c48f39a1556cb7e887ee5f88f45147a0c0cc9baa","already-archived","archive/build-logs/dxvk/dxvk_build2.log"
"build-logs/dxvk/dxvk_build3.err.log","0","E3B0C44298FC1C149AFBF4C8996FB92427AE41E4649B934CA495991B7852B855","e69de29bb2d1d6434b8b29ae775ad8c2e48c5391","already-archived","archive/build-logs/android/build14.err.log"
"build-logs/dxvk/dxvk_build3.log","898","2C9296A74AF14C96DB340A56B6E116580BBD7858786D0E082BD6CE157F03AAB9","b0cabb9b0e884537f9e17b62ab2d79d46676e80d","already-archived","archive/build-logs/dxvk/dxvk_build3.log"
"build-logs/dxvk/dxvk_clone2.err.log","2249","7D308E7E564FA2156230F343D9DA3E8899E30910A33CD7C49B10481661B575CB","7feb7d2077087759c15692a0c6ddf4c3033abb7f","already-archived","archive/build-logs/dxvk/dxvk_clone2.err.log"
"build-logs/dxvk/dxvk_clone2.log","604","FAD1567532E30AD9D247B3E00741034D86FABD36A02830123ABCC842F84E0F27","cf58b2e9e566a572ea10b5c31b0dffeb7832b6a0","already-archived","archive/build-logs/dxvk/dxvk_clone2.log"
"build-logs/dxvk/dxvk_diag.log","110","F71F2DF3981058D881DA6D42F4A347CA22B43E0AE789115EA6742205ABA739A9","1795fd014dd605a5c86e8c7c58de6b7628175dcf","already-archived","archive/build-logs/dxvk/dxvk_diag.log"
"build-logs/dxvk/dxvk_diag2.err.log","0","E3B0C44298FC1C149AFBF4C8996FB92427AE41E4649B934CA495991B7852B855","e69de29bb2d1d6434b8b29ae775ad8c2e48c5391","already-archived","archive/build-logs/android/build14.err.log"
"build-logs/dxvk/dxvk_diag2.log","1919","90AAFE3C1A6F80EAAFB53E746388DEDAA1D61BCC3F17E000603FD4ECA330326E","c004c1b930dedf2a5c008dd01e9c44be23952b86","already-archived","archive/build-logs/dxvk/dxvk_diag2.log"
"build-logs/dxvk/dxvk_setup.err.log","0","E3B0C44298FC1C149AFBF4C8996FB92427AE41E4649B934CA495991B7852B855","e69de29bb2d1d6434b8b29ae775ad8c2e48c5391","already-archived","archive/build-logs/android/build14.err.log"
"build-logs/dxvk/dxvk_setup.log","15804","FC07087F1ED7D9A89406D004E29777170F707F15B1B8377E8181807A2A81D83F","69f8887191b4122e7346424769fb290025297ea2","already-archived","archive/build-logs/dxvk/dxvk_setup.log"
"build-logs/dxvk/dxvk_win_setup.log","8872","A04FC15F5C7A4B1B4ECFF0D5DA41B0B068CBF08C02471B5952622F2977171841","c58d266deea4955cb4f32dc8affb047e67ab78c9","already-archived","archive/log-imports/20260813-workspace-log-baseline-r1/build-logs/dxvk/dxvk_win_setup.log"
"build-logs/dxvk/dxvk_win32_build.err.log","0","E3B0C44298FC1C149AFBF4C8996FB92427AE41E4649B934CA495991B7852B855","e69de29bb2d1d6434b8b29ae775ad8c2e48c5391","already-archived","archive/build-logs/android/build14.err.log"
"build-logs/dxvk/dxvk_win32_build.log","1269565","05876F36EB1386EE2CB7D2BCE2F2AD65DEEC9F9A63FC7143C97047F1046C48A0","3e051d350a1d24ea73fd7b197142ebaae002d0c1","already-archived","archive/log-imports/20260813-workspace-log-baseline-r1/build-logs/dxvk/dxvk_win32_build.log"
"build-logs/dxvk/dxvk_win64_build.err.log","0","E3B0C44298FC1C149AFBF4C8996FB92427AE41E4649B934CA495991B7852B855","e69de29bb2d1d6434b8b29ae775ad8c2e48c5391","already-archived","archive/build-logs/android/build14.err.log"
"build-logs/dxvk/dxvk_win64_build.log","1269565","595D3B60D322D541D3FE194C5826E23C6A45DD509BAFEEDC8059D06B2882735B","f727d6f5a151e4d5a4726dcd5144ecaedaef7303","already-archived","archive/log-imports/20260813-workspace-log-baseline-r1/build-logs/dxvk/dxvk_win64_build.log"
"build-logs/toolchains/gcc13_install.err.log","0","E3B0C44298FC1C149AFBF4C8996FB92427AE41E4649B934CA495991B7852B855","e69de29bb2d1d6434b8b29ae775ad8c2e48c5391","already-archived","archive/build-logs/android/build14.err.log"
"build-logs/toolchains/gcc13_install.log","589","81734650D785A29B5688104F039179824407E5AA2B8B3335EF19D6382F034E51","888c84c8bbec7838aff3e18b47df1610155b81c1","already-archived","archive/build-logs/toolchains/gcc13_install.log"
"build-logs/toolchains/llvmmingw_dl.err.log","155","399BDA5EBB1BFBFCE5EF9CD21222F0D865DD8A940F57ECC8E8B93757FDA733EB","cd2f80313604ce6c59678d2b36a6378fb2acf9f0","already-archived","archive/build-logs/toolchains/llvmmingw_dl.err.log"
"build-logs/toolchains/llvmmingw_dl.log","125","D9C0DC6C9488495464506C51EBFA78BE550CC2135BDA43887A73686A47F3CF36","f61c4310e13ecdccbdf02e48eac1f564cde0ee5d","already-archived","archive/build-logs/toolchains/llvmmingw_dl.log"
"build-logs/toolchains/mingw_copy.err.log","250","F0F37A25FF0C8B0C7C6A84F1C59CCE12A5B3C2E32EA79FED705FCCFF174429B2","696e85689bdcea07c3282cd550044cb7686b201a","already-archived","archive/build-logs/toolchains/mingw_copy.err.log"
"build-logs/toolchains/mingw_copy.log","29","5AB409882B27620CC090F72B0DD90C5A86D0D71CE3E417D5AA3C0EA9107BE070","2ec2b5447f29783ae20abfd61fed6709696a178c","already-archived","archive/build-logs/toolchains/mingw_copy.log"
"build-logs/toolchains/mingw_install.err.log","0","E3B0C44298FC1C149AFBF4C8996FB92427AE41E4649B934CA495991B7852B855","e69de29bb2d1d6434b8b29ae775ad8c2e48c5391","already-archived","archive/build-logs/android/build14.err.log"
"build-logs/toolchains/mingw_install.log","15220","6590F884E813020635EB6EA1802728AAE1C11191D725905AA05ABFFCA39551D4","b3eab08920892095787f6732fd80655d7b328ec7","already-archived","archive/log-imports/20260813-workspace-log-baseline-r1/build-logs/toolchains/mingw_install.log"
"build-logs/toolchains/ndk_dl.err.log","11","B4A6C06672677CF0E25EC72BEC83BEAE33305CEE4B8087F168962014373B02BB","e45928c44e84cf9751713b5b18761e3371fa56d8","already-archived","archive/build-logs/toolchains/ndk_dl.err.log"
"build-logs/toolchains/ndk_dl.log","24","1D1A79D87D596FA7F662D07B1AA304DBF1721BC2D2E9A13C7E867300119E82CB","e95b4efb06153192f35a793435c2130b835ce86e","already-archived","archive/build-logs/toolchains/ndk_dl.log"
"build-logs/toolchains/vulkansdk_install.err.log","0","E3B0C44298FC1C149AFBF4C8996FB92427AE41E4649B934CA495991B7852B855","e69de29bb2d1d6434b8b29ae775ad8c2e48c5391","already-archived","archive/build-logs/android/build14.err.log"
"build-logs/toolchains/vulkansdk_install.log","1077","134F24D82B6461BDDE07639A63F8DF17A066C62A4D99AAA4B0BFFDFB480F7B86","1f26186da5fcf78d0cabc649502b486845c8db1e","already-archived","archive/log-imports/20260813-workspace-log-baseline-r1/build-logs/toolchains/vulkansdk_install.log"
"build-logs/turnip/glslang_build.err.log","0","E3B0C44298FC1C149AFBF4C8996FB92427AE41E4649B934CA495991B7852B855","e69de29bb2d1d6434b8b29ae775ad8c2e48c5391","already-archived","archive/build-logs/android/build14.err.log"
"build-logs/turnip/glslang_build.log","648","9D2476FDB46F9871579AEB113A89EEC038631FB948396EE3AB6AF82B90AFB737","a007143745c914ecae5917cab88ac1192673db90","already-archived","archive/log-imports/20260813-workspace-log-baseline-r1/build-logs/turnip/glslang_build.log"
"build-logs/turnip/glslang2.err.log","0","E3B0C44298FC1C149AFBF4C8996FB92427AE41E4649B934CA495991B7852B855","e69de29bb2d1d6434b8b29ae775ad8c2e48c5391","already-archived","archive/build-logs/android/build14.err.log"
"build-logs/turnip/glslang2.log","842","E98280A70BE41DF3CC88109E5EFED9A0B267B0B35862A256D3CAD4D4F45F7370","3b5da068cac7954515ba597e1ac1c1a2d40a2f01","already-archived","archive/build-logs/turnip/glslang2.log"
"build-logs/turnip/turnip_build.err.log","0","E3B0C44298FC1C149AFBF4C8996FB92427AE41E4649B934CA495991B7852B855","e69de29bb2d1d6434b8b29ae775ad8c2e48c5391","already-archived","archive/build-logs/android/build14.err.log"
"build-logs/turnip/turnip_build.log","846","95B95378875C35CD1E281889FE90B3AE99C015D066F972C8B8CB7F62C68C61C3","70492b97844c18a60a817e1ac43a881d0c2af878","already-archived","archive/build-logs/turnip/turnip_build.log"
"build-logs/turnip/turnip_build2.err.log","0","E3B0C44298FC1C149AFBF4C8996FB92427AE41E4649B934CA495991B7852B855","e69de29bb2d1d6434b8b29ae775ad8c2e48c5391","already-archived","archive/build-logs/android/build14.err.log"
"build-logs/turnip/turnip_build2.log","2494","99FD55FB93BFC315731667242940BB930F9C82A179D9515ADBCE2178640703D2","ee0b09880707578f92deade70b3338a5f8cce50a","already-archived","archive/log-imports/20260813-workspace-log-baseline-r1/build-logs/turnip/turnip_build2.log"
"build-logs/turnip/turnip_build3.err.log","0","E3B0C44298FC1C149AFBF4C8996FB92427AE41E4649B934CA495991B7852B855","e69de29bb2d1d6434b8b29ae775ad8c2e48c5391","already-archived","archive/build-logs/android/build14.err.log"
"build-logs/turnip/turnip_build3.log","920","7FCF8BCC7D6AF638124F2E2DD65701C36DD08CC277E24853B9735A1319B2C8DE","e3254dfa1d76bf001fef3e3956a2c855f9b3e0c1","already-archived","archive/build-logs/turnip/turnip_build3.log"
"build-logs/turnip/turnip_build4.err.log","0","E3B0C44298FC1C149AFBF4C8996FB92427AE41E4649B934CA495991B7852B855","e69de29bb2d1d6434b8b29ae775ad8c2e48c5391","already-archived","archive/build-logs/android/build14.err.log"
"build-logs/turnip/turnip_build4.log","2616","4868398BA393C03EB33D4C81C03EFA3E07D3B5817716E32ACE4DE18CB5DC53BD","a1196a0fdea03392a0f85ee7a9e9a830cf269454","already-archived","archive/log-imports/20260813-workspace-log-baseline-r1/build-logs/turnip/turnip_build4.log"
"build-logs/turnip/turnip_build5.err.log","0","E3B0C44298FC1C149AFBF4C8996FB92427AE41E4649B934CA495991B7852B855","e69de29bb2d1d6434b8b29ae775ad8c2e48c5391","already-archived","archive/build-logs/android/build14.err.log"
"build-logs/turnip/turnip_build5.log","1705","0D52ACB2618CA959C1BF63AE933F9FD7C3CF1D50F881D5133775192DF6B74425","a449f7d8f01f269f17ae119f9fff441a00e22333","already-archived","archive/build-logs/turnip/turnip_build5.log"
"build-logs/turnip/turnip_clang.err.log","0","E3B0C44298FC1C149AFBF4C8996FB92427AE41E4649B934CA495991B7852B855","e69de29bb2d1d6434b8b29ae775ad8c2e48c5391","already-archived","archive/build-logs/android/build14.err.log"
"build-logs/turnip/turnip_clang.log","486","5995D40D2E8F7A6EDCA2B7155A62DB6D71B2FC95518748867C3288DE07EBB13C","682991a4d8ab28c7cd3543c55ac404f26f78989e","already-archived","archive/log-imports/20260813-workspace-log-baseline-r1/build-logs/turnip/turnip_clang.log"
"build-logs/turnip/turnip_clang2.err.log","0","E3B0C44298FC1C149AFBF4C8996FB92427AE41E4649B934CA495991B7852B855","e69de29bb2d1d6434b8b29ae775ad8c2e48c5391","already-archived","archive/build-logs/android/build14.err.log"
"build-logs/turnip/turnip_clang2.log","1451","AD7806294903581B8EB7DF4DB23CC757B136B351D05C18D4CD23CD91121B1005","e9dd6d5ee215271dfd15dba980ccde8e3dec1d73","already-archived","archive/build-logs/turnip/turnip_clang2.log"
"build-logs/turnip/turnip_gcc13.err.log","0","E3B0C44298FC1C149AFBF4C8996FB92427AE41E4649B934CA495991B7852B855","e69de29bb2d1d6434b8b29ae775ad8c2e48c5391","already-archived","archive/build-logs/android/build14.err.log"
"build-logs/turnip/turnip_gcc13.log","973","220B04DBF0570359D3211B833A30A859D125263F6F142C3921EDF3D9B06B68F1","fae58eb0ea2cf2f407f96a7c26f36456f650beb3","already-archived","archive/log-imports/20260813-workspace-log-baseline-r1/build-logs/turnip/turnip_gcc13.log"
"build-logs/turnip/turnip_gcc13b.err.log","0","E3B0C44298FC1C149AFBF4C8996FB92427AE41E4649B934CA495991B7852B855","e69de29bb2d1d6434b8b29ae775ad8c2e48c5391","already-archived","archive/build-logs/android/build14.err.log"
"build-logs/turnip/turnip_gcc13b.log","2954","3D3237566F540CAE23AC29D2E95505B02C2A112D3C56B5F24A3780AA11507A13","d2ea488fa7eeefea731dfc5ddd4acc4904bbe6a9","already-archived","archive/build-logs/turnip/turnip_gcc13b.log"
"build-logs/turnip/turnip_setup.err.log","0","E3B0C44298FC1C149AFBF4C8996FB92427AE41E4649B934CA495991B7852B855","e69de29bb2d1d6434b8b29ae775ad8c2e48c5391","already-archived","archive/build-logs/android/build14.err.log"
"build-logs/turnip/turnip_setup.log","2900","A9F7DC42A1379272F88471337BC42CCB2EB8C737F42F15F944FC329FEC50BF90","e1a99d68b385838b619f032375d908eb0ed801fe","already-archived","archive/build-logs/turnip/turnip_setup.log"
"build-logs/vkd3d/vkd3d_clone.log","172","66A44EF382944E30C74BDE43E83BBE135B92353D5150C8A19173466C56EFF70F","dae0852ec285d72f477d85f0ebb603b662619a00","already-archived","archive/build-logs/vkd3d/vkd3d_clone.log"
"build-logs/vkd3d/vkd3d_clone2.err.log","82","3DE430B47F61A48D8FEBCB3528FE997D9E32B47D227E442DD9527DD1285EC8DF","fa1947a1886ec13dbc730261a9b313d0e953f072","already-archived","archive/build-logs/vkd3d/vkd3d_clone2.err.log"
"build-logs/vkd3d/vkd3d_clone2.log","0","E3B0C44298FC1C149AFBF4C8996FB92427AE41E4649B934CA495991B7852B855","e69de29bb2d1d6434b8b29ae775ad8c2e48c5391","already-archived","archive/build-logs/android/build14.err.log"
"build-logs/vkd3d/vkd3d_clone3.err.log","6118","6441C5A5A822F9C29B723E913B51277CD56E857D017761EACA60085ECA21B23D","8bbbb280cb29e3895990e5ca9bdb1cf185208de7","already-archived","archive/build-logs/vkd3d/vkd3d_clone3.err.log"
"build-logs/vkd3d/vkd3d_clone3.log","287","9F2E2E415DE6B9C3FCE6C84D27D198E44124BC82275766DDB2BF45A80764AF8B","25df91642f57a5b99c20df6ccaef3e9dcb2c926e","already-archived","archive/build-logs/vkd3d/vkd3d_clone3.log"
"build-logs/vkd3d/vkd3d_submod.err.log","1079","FB9EF6DA8A75CD1441168D9F78433B69EB63FDF9687458EA65FFB652332901EC","8e6174c75c8b345405c7b7add33044f992dd532c","already-archived","archive/build-logs/vkd3d/vkd3d_submod.err.log"
"build-logs/vkd3d/vkd3d_submod.log","625","BB60A8816A716885D65BCA2AC30851C830E1AC364F5127C539E8C1E687C59FEF","28724fbfb79a6293cbc0e1a7d6eab1c37444cc9d","already-archived","archive/build-logs/vkd3d/vkd3d_submod.log"
"build-logs/vkd3d/vkd3d_win32.err.log","0","E3B0C44298FC1C149AFBF4C8996FB92427AE41E4649B934CA495991B7852B855","e69de29bb2d1d6434b8b29ae775ad8c2e48c5391","already-archived","archive/build-logs/android/build14.err.log"
"build-logs/vkd3d/vkd3d_win32.log","44916","46B681F7D7E9BB77ECC8E1F9AFC277393E09889E9B9ADBBA8654A74F10D515F7","9bdb07ab3a3fa3e1902ea07bbfb056a61dcd58e2","already-archived","archive/log-imports/20260813-workspace-log-baseline-r1/build-logs/vkd3d/vkd3d_win32.log"
"build-logs/vkd3d/vkd3d_win64.err.log","0","E3B0C44298FC1C149AFBF4C8996FB92427AE41E4649B934CA495991B7852B855","e69de29bb2d1d6434b8b29ae775ad8c2e48c5391","already-archived","archive/build-logs/android/build14.err.log"
"build-logs/vkd3d/vkd3d_win64.log","44916","B4E3356BCF3D391CD41141A2F5A7FC9A221887E4F14A3FDB07D36FA61DE92DDF","68b351e2a0d51b05911b101c39142dfb185df2fd","already-archived","archive/log-imports/20260813-workspace-log-baseline-r1/build-logs/vkd3d/vkd3d_win64.log"
"build-logs/wine-10.18-build.log","15063146","2CCA07D5C43CABC11DE866240BC70E2DE4116180AF91F9A97DF419252F327584","e8d7b8f2a72bc396cd56039d0c4c3d55c2552c9b","already-archived","archive/build-logs/wine-10.18-build.log"
"build-logs/wine-10.18-install.log","765964","2B5B79F5EE01E37CA18233C9F52616802CB92237CCAD846F60326FAED549881F","b492de74a8c0204b0e71555551a5cb54b1df006a","already-archived","archive/build-logs/wine-10.18-install.log"
"build-logs/wine-10.18-strip.log","74","5696FB1033E0C7AB9A2F330A62380DDB0F4F1BB4519D8748AA35398A14B82919","32dc5d28640295a4f030583c0064ee43480eeee3","already-archived","archive/build-logs/wine-10.18-strip.log"
"build-logs/wsl/wsl_apt.err.log","180","E4E70A4BA7C94BBEEAAF06AA644B311F46373E944818872F528001E42A4876B0","e3f1d899996bcc9170fd190f056f18ec26e38132","already-archived","archive/build-logs/wsl/wsl_apt.err.log"
"build-logs/wsl/wsl_apt.log","16332","C891CEC3B2A0C9011FC60D7C9997C6955FF8D44D5758930975370B7BB7A04E90","46ba0e906454ef6c0b50d8bcdf62508c541e87a8","already-archived","archive/build-logs/wsl/wsl_apt.log"
"build-logs/wsl/wsl_build.err.log","29427","38568F5565E714BAFD67D766946A31F60BC329145FD9A948EB96731C6309911B","97f15f13ed10c27114d20b8c88756673b44bcd5c","already-archived","archive/build-logs/wsl/wsl_build.err.log"
"build-logs/wsl/wsl_build.log","49986","11E111677637B261CB56D3241199EFA95CDD6F204BDD7B0BB3A6A15BD744E833","1a2f2996b67fb900da6fd10187f24040ed4dfb3d","already-archived","archive/build-logs/wsl/wsl_build.log"
"build-logs/wsl/wsl_clone.err.log","58","DB294835F5E121D7C1314A13E0CED6F572C4EBBF34FC63BB497693205BEC5B3C","bdbbdf8a00e70a0556ed593ee0fcf46e3b4e9fa0","already-archived","archive/build-logs/wsl/wsl_clone.err.log"
"build-logs/wsl/wsl_clone.log","15","1E0AD37EA886E7A01AEC17E252B98D18B6D51F6105585E14D0024F9021B364E0","73f41f46712eadebf2ac2c42a2c4fe3434f627df","already-archived","archive/build-logs/wsl/wsl_clone.log"
"build-logs/wsl/wsl_clone2.err.log","608","90952E69155BD5196A0B5C24C24B7D16B39BA9616B12234F1F2639BEA14AAACE","14b817c550f286c1e0daead056e32faafba2bc9f","already-archived","archive/build-logs/wsl/wsl_clone2.err.log"
"build-logs/wsl/wsl_clone2.log","38","C9EA60BC52EFC5E0613BB3F2F6A2973D3BFD47030D0AF9297147A329A1C1A1FE","e649a59e95ebfc0d1db387098931a345833f82b8","already-archived","archive/build-logs/wsl/wsl_clone2.log"
"logs/dave-the-diver/frame-rating-20260807-151057-952.csv","97","1CFF822F37E13924B131458E32EA5246A8761D85FDF9118C96027EA113AA3F6A","e010782f5bce66f927f75cfeba7b3a83342d836d","already-archived","archive/log-imports/20260813-workspace-log-baseline-r1/runtime-logs/dave-the-diver/frame-rating-20260807-151057-952.csv"
"logs/dave-the-diver/frame-rating-20260811-154836-044.csv","1074","4DC3D2A1561C9B28BADB7789979ABB5EEAC373503870B63E69EC73066DF212F9","92e35307b70ad34d183707d400c0e3e5facb5bc3","already-archived","archive/runtime-logs/dave-the-diver/G3-P2-hud-touch-pass-through-open-sampling-20260811.csv"
"logs/dave-the-diver/input-events-20260807-180812-086.log","470","23297807550FE357FD050F8155F527E632874CB076E4829DD1FA4BE72D58DA91","922a0ce2b62ed253479c711ed845882e735778aa","already-archived","archive/runtime-logs/dave-the-diver/G3-P0-B-input-trace-startup-only-20260807.log"
"logs/dave-the-diver/input-events-20260807-180820-424.log","230565","B3564D59A9A4E3C1708B8DF7668066B93B5D3280F7F1B8C2758AD141F5D684E9","af9e42fe60848a35403ec266514038688e4c4474","already-archived","archive/runtime-logs/dave-the-diver/G3-P0-B-input-trace-stardew-20260807.log"
"logs/dave-the-diver/input-events-20260810-101606-917.log","313240","784E5A0BE28BEB71F80383DF7BE5D7F0CB52DCA5B2DAB442B9AFCBC95243D8D0","52fd7031667396de65cb862dc7f3ccdbb06e9702","already-archived","archive/runtime-logs/dave-the-diver/G3-P0-D-vk-w-dual-route-stardew-20260810.log"
"logs/dave-the-diver/input-events-20260810-112246-477.log","58576","B8E2746031D58C78260EA066E1D54187336DE605CE2C4C2151602D4989005E56","677e7200ffd376cb3c0bb2f1cba9fc32a3a0941a","already-archived","archive/runtime-logs/dave-the-diver/G3-P0-E-x11-focus-notify-stardew-20260810.log"
"logs/dave-the-diver/input-events-20260810-134006-812.log","72259","9EADDB6E6468F5F50BA602D2B2A76B185F1D403CB86A5F75E3864FA4BF39AF14","b439a2abd872b08b3ae3b229d7ca0366bdb3ddb3","already-archived","archive/runtime-logs/dave-the-diver/G3-P0-F-vk-a-wine-input-trace-stardew-20260810.log"
"logs/dave-the-diver/input-events-20260810-142418-730.log","252433","235D1C01FD9913CC21018A7B007F264110087C4E8EDB32D983C3DB74E886F48D","bb5daeef007e2447a4ee06f7025326e0d1fd810b","already-archived","archive/runtime-logs/dave-the-diver/G3-P0-G-auto-wine-input-trace-stardew-startup-20260810.log"
"logs/dave-the-diver/input-events-20260810-142626-808.log","295200","AFCAEA4B477228846A61FA28C47FD5AB6021E014F7EC182E5D4DCE5555A6BD9D","b740c982946abf663cc149be6bc0474e5565749c","already-archived","archive/runtime-logs/dave-the-diver/G3-P0-G-auto-wine-input-trace-stardew-a-20260810.log"
"logs/dave-the-diver/input-events-20260810-151403-986.log","268990","254ED3C6372A627CCC690EB85636A9D7E3F3B3B42A275DE5E9C7A90200391F83","4bcef95a9383191fe8702ef53ed76ac7fd81c8c6","already-archived","archive/runtime-logs/dave-the-diver/G3-P0-H-x11-keyboard-mapping-stardew-a-20260810.log"
"logs/dave-the-diver/input-events-20260811-105026-922.log","1446660","1B330B98129FD8E087BFD909148BD48FE8A1E3A537D6484453C3243303E2BB00","85a6d8a5dda07715ab28ea2078526e1054ca2232","already-archived","archive/runtime-logs/dave-the-diver/G3-P0-I-xkb-core-fallback-stardew-input-success-20260811.log"
"logs/dave-the-diver/input-events-20260811-105430-263.log","733905","272A797E789EF67B2069D8DC5E36493855F01AE7A88342741299E0B58C9E9857","d9985ec7c18d1845a936ea09099895dd7763cf0f","already-archived","archive/runtime-logs/dave-the-diver/G3-P0-I-xkb-core-fallback-dave-input-success-20260811.log"
"logs/dave-the-diver/input-events-20260811-154836-011.log","1174319","4D0BAEBB5388C11B73826E26F3003DAF21DC598956F2CB7290763C2E7F3F0F8E","d61b7409d52271dc7e79e9954970b8cb39bfbb2c","already-archived","archive/runtime-logs/dave-the-diver/G3-P2-hud-touch-pass-through-success-20260811.log"
"logs/dave-the-diver/logs.txt","290988","A90F0C6305F6409E0E7D5751D7EC480686E6D582D9C6AD8F57CA1BE389992831","d5e8a20b80ece9cf3c089098535328e75293814e","already-archived","archive/runtime-logs/dave-the-diver/T2-B-winlator-g2.5-success.txt"
"logs/dave-the-diver/Player.log","1119","B033E0A9425CF8D8C2781FD380C3AA22C6A5C3FA2F865F25732E0278A2C26AB5","9917387c65d1866a721f418cfe92d86a68fffeee","already-archived","archive/runtime-logs/dave-the-diver/T1.3-Player.log"
"logs/dave-the-diver/Player-T1.10-A.log","8855","5424886C11FC03A207640A0A3B1E11BAE06FBBAD6E7B2E25CB1F1D55C67CAAF4","aeee0107c0b47161376d6603fe42f775d048bd7b","already-archived","archive/runtime-logs/dave-the-diver/T1.10A-Player-invalid-unity-override-repeat-crash.log"
"logs/dave-the-diver/Player-T1.10-A2.log","8973","B777F9E4C5238DEEDC8258A1849F7C7387BAC1BF2D8C963BF10A35CAA4315A8F","a76ec88b2c849369853915ec7fddcb18bc960c42","already-archived","archive/runtime-logs/dave-the-diver/T1.10A2-Player-final-unity-on-success.log"
"logs/dave-the-diver/Player-T1.10-B.log","8975","63DCB211A8DA0F43A731261E0176698BD1F088C9BC8F6852233837D865883BD3","725f3f2fc533f54b6151d07db1b533649d817c15","already-archived","archive/runtime-logs/dave-the-diver/T1.10B-Player-final-success.log"
"logs/dave-the-diver/Player-T2-A4.log","6266","A30A858C5F01B70599DE96250B6705DE8026A47BEB113F0D176C5ACDAE4F2114","270d67536c4403a9eaedf1e25a8f32e92eb52133","already-archived","archive/runtime-logs/dave-the-diver/T2-A4-player-g2.5-success.log"
"logs/dave-the-diver/Player-T2-B.log","12444","00231601A81E7C9A778D86F230A52024FE17853FFDF60715D14FA0386C02A28A","df6451b1e984493d8b658493c4b450b25f006211","already-archived","archive/runtime-logs/dave-the-diver/T2-B-player-g2.5-success.log"
"logs/dave-the-diver/startup.log","1324","F0CBCD7AEDECF0A51846569FFB14BEB8E62D188FE7AA395CF019CC3B27DA4F7F","cf6facc27c02f41a3c0225c2e542511151887c88","already-archived","archive/runtime-logs/dave-the-diver/T2-B-startup-g2.5-success.log"
"logs/dave-the-diver/T1.1-unityplayer-20260805.txt","45763","873B719C44BD1404CCDFE96CE0552F5662EB9D0894E8F7C63CC0A861EDEBF108","bcb9b97ade1c18e5be956906e303e0f82ceb8bda","already-archived","archive/runtime-logs/dave-the-diver/T1.1-unityplayer-black-screen.txt"
"logs/dave-the-diver/T1.2-playerlog-20260805.txt","30272","05B25941D43F9A95DA9CABB796D3A46B486955290D3106957910155B3DD7A8C6","47bf029d6efa2d18f906c4f28e84d0084e2b3ba2","already-archived","archive/runtime-logs/dave-the-diver/T1.2-invalid-shortcut-command.txt"
"logs/dave-the-diver/T1.3-shortcut-fixed-20260805.txt","41132","AF78F6162F09DD5DC37FC44BC65531E76F02DE605EC291084AC5C90E460A0012","8635277c87b25c69010e450f4487213f6d5a32e4","already-archived","archive/runtime-logs/dave-the-diver/T1.3-shortcut-fixed-black-screen.txt"
"logs/dave-the-diver/T1.4-force-gfx-direct-20260805.txt","41400","F231EBDC34E3A8366687944589E951F8EAEB555A29FAD506067F84DC837CABF5","ca214b95dc7aa920627ea44a8e3d8b8e1c806c82","already-archived","archive/runtime-logs/dave-the-diver/T1.4-force-gfx-direct-black-screen.txt"
"logs/dave-the-diver/T1.4-Player-force-gfx-direct.log","1071","796B971A6134F2E9EB273D81F25C98BCF7BE6C8F8619B2EBB6C8C10DC3F46B90","e6fca857faad3a51781710eef461fb108222d9f2","already-archived","archive/runtime-logs/dave-the-diver/T1.4-Player-force-gfx-direct.log"
"logs/dave-the-diver/T1.5-Player-stability-force-gfx-direct.log","1071","977C783F47895A65B9BAB16744DCF90002095D9BA1B5F4438C80D09E23150752","b5770d3ee3e5ac99c12c9a03276ec875ffc8a0d7","already-archived","archive/runtime-logs/dave-the-diver/T1.5-Player-stability-force-gfx-direct.log"
"logs/dave-the-diver/T1.5-stability-force-gfx-direct-20260805.txt","41400","C2B63BC390346929E5A8B827FDCCC737A83183085F73D2CBE983BEC396A208C9","fdcea4965569027a413b505c86be6876affd457b","already-archived","archive/runtime-logs/dave-the-diver/T1.5-stability-force-gfx-direct-black-screen.txt"
"logs/dave-the-diver/T1.6-Player-wined3d-stability.log","11374","3AF7129BF6B633FE098977FFE866D763B277D7CC852C485337305A38F6392CFF","9b9c6bca222ddac05dd398eb22439c7f8ead98d3","already-archived","archive/runtime-logs/dave-the-diver/T1.6-Player-wined3d-stability-success.log"
"logs/dave-the-diver/T1.6-wined3d-stability-20260805.txt","270759","4FA3731A4D05F2739398C72BFD536B6489C850A5D1A8D2990555839058BD7A37","c6955cc604d01db142493b8e4b28b0dabfef9c05","already-archived","archive/runtime-logs/dave-the-diver/T1.6-wined3d-stability-success.txt"
"logs/dave-the-diver/T1.7-Player-wined3d-no-force-gfx-direct.log","8972","FA153783B48F6FB0019609C461A41D1736C2646751808A6302D87276F4256B6D","e94075afbc01280f3f22dd2fb4b0d522caae3020","already-archived","archive/runtime-logs/dave-the-diver/T1.7-Player-wined3d-no-force-gfx-direct-success.log"
"logs/dave-the-diver/T1.7-wined3d-no-force-gfx-direct-20260805.txt","274957","E18E98F1BB1588389F761D99828294D8D970AA88CB92ACF88791EA741C73A64D","0dbf37ac20f14d7af58af511ec1f1770ee0a9b41","already-archived","archive/runtime-logs/dave-the-diver/T1.7-wined3d-no-force-gfx-direct-success.txt"
"logs/dave-the-diver/T1.8-Player-wined3d-intermediate.log","9097","2ACCD29F8C16F429757C1BFF66B7DE8AD66BE3D530545794CAEB363F83F5ED87","bd24c1b66b45576a6498b6218a3046ddcd61980f","already-archived","archive/runtime-logs/dave-the-diver/T1.8-Player-wined3d-intermediate-success.log"
"logs/dave-the-diver/T1.8-wined3d-intermediate-20260805.txt","273565","B3C7BEB8793D6D862A7CF332418DEE161B83C82C53C2936ACBCF866D41D48313","3d97ed599adb03cb86409a16f0d1c990c9c74816","already-archived","archive/runtime-logs/dave-the-diver/T1.8-wined3d-intermediate-success.txt"
"logs/dave-the-diver/T1.9-Player-wined3d-intermediate-unity-default.log","9595","E8090C4D3CC082ACA16E3833046A125C444FE938CFD0A968FFB914C3E765E3B4","b2c1e2c993bcc3daf7396a87bb286450ada121f6","already-archived","archive/runtime-logs/dave-the-diver/T1.9-Player-wined3d-intermediate-unity-default-crash.log"
"logs/dave-the-diver/T1.9-wined3d-intermediate-unity-default-20260806.txt","281510","FAD9EEDC8AE7B9A86C5CEE00F88BBF7B55FDAC557DB2AFF87CA18E2C3119E9E8","3b8fbd3d9c8866bef27d9d6f06a14cae9a5b2a71","already-archived","archive/runtime-logs/dave-the-diver/T1.9-wined3d-intermediate-unity-default-crash.txt"
"logs/dave-the-diver/T1-patched-wine11-20260805.txt","44940","C521624EC395AF20B1F0C205313EB00D56C66BD1AE160BDC6EEDF9BD93BDCD58","564f2c1f69f6eeac8e6b8d362d62b99e3512f44e","already-archived","archive/runtime-logs/dave-the-diver/T1-patched-wine11-black-screen.txt"
"logs/Duckov/Player-T1-DUCKOV-B.log","4052","A0B685E2D0C24D7C480563C5896BCC4DA296E4149EB438895239F2B660C90257","afc141e5499a4c53bfd8146dae42bcdd1fe6ca9d","already-archived","archive/runtime-logs/duckov/Player-T1-DUCKOV-B.log"
"logs/Duckov/Player-T1-DUCKOV-C.log","2551","13C5EEADC7BB02B09E6F3E21E118C266086B64D59479AD809A1ABE17055A96D5","4c2363ff7eeaaac0f8ef9e10ff6edf715939e96d","already-archived","archive/runtime-logs/duckov/Player-T1-DUCKOV-C.log"
"logs/Duckov/Player-T1-DUCKOV-D.log","2562","66271A03CC1F3B0B7929474BE5587870996EB9369C1B269D8BC469862BD87DB4","9bb9ebb54bf4e5ab055fc7e056db7946e2141822","already-archived","archive/runtime-logs/duckov/Player-T1-DUCKOV-D.log"
"logs/Duckov/T1-DUCKOV-A-dxvk-black-screen-20260811.log","60808","DCC3727774199B6CC1A2652825EF14329FA474C99586A639CC56CF893B28BC38","9f3704ad0f998cb879c678b972d14d3a4311507f","already-archived","archive/runtime-logs/duckov/T1-DUCKOV-A-dxvk-black-screen-20260811.log"
"logs/Duckov/T1-DUCKOV-A-startup-20260811.log","1321","84E2102A921A5FCEC9941303B5FA19B744480395FEAFCE7B3A08CB17C8B6E022","f19057794fbfcc5eba777e419bfc31ef98124b87","already-archived","archive/runtime-logs/duckov/T1-DUCKOV-A-startup-20260811.log"
"logs/Duckov/T1-DUCKOV-B-startup-20260811.log","1324","349522637F1F18BFBC57DF74E68F48165FF48B0D0FFF07C19E6414A9889F2FCB","55f59fd8773782d1f76a80e83d2e84f1833e8f26","already-archived","archive/runtime-logs/duckov/T1-DUCKOV-B-startup-20260811.log"
"logs/Duckov/T1-DUCKOV-B-wined3d-black-screen-20260811.log","164866","582BE36177E53ABB895338F8D6E4E600FDDE227A0DCE2C63CA306D57561A20DE","71b3e229fc1a021cddd022117ebca5d806343029","already-archived","archive/runtime-logs/duckov/T1-DUCKOV-B-wined3d-black-screen-20260811.log"
"logs/Duckov/T1-DUCKOV-C-startup-20260813.log","1324","D0F5DC64154C3A44190CE24E93633A5A868D0C9C1A850CAFC81B134241E5B8B6","2b16205b404928bb2165fbe62cf03b0a6029fcaa","already-archived","archive/runtime-logs/duckov/T1-DUCKOV-C-startup-20260813.log"
"logs/Duckov/T1-DUCKOV-C-wined3d-saves-black-screen-20260813.log","165410","FB1B175BF6527F5375E8382205EF70096DE382483731AD2E8FDC096B49845508","54eebb19e247e44b9ef35c79e48a7ec3ee38c7bc","already-archived","archive/runtime-logs/duckov/T1-DUCKOV-C-wined3d-saves-black-screen-20260813.log"
"logs/Duckov/T1-DUCKOV-D-dxvk-saves-black-screen-20260813.log","61768","B2977CDD3C3202BA4AC05FFC8702D82141B33420DB547793D2B4F56BA05873CF","886df33668439eb819e30fe56d07370b99fc9bad","already-archived","archive/runtime-logs/duckov/T1-DUCKOV-D-dxvk-saves-black-screen-20260813.log"
"logs/Duckov/T1-DUCKOV-D-startup-20260813.log","1321","2D66581606A454531A362D9FBFEFB6FCE33163AAB0E615A10E3C1B2785C7FC19","fb6c635b6a95d0729217003f3d274a6aa6cf5383","already-archived","archive/runtime-logs/duckov/T1-DUCKOV-D-startup-20260813.log"
"logs/graphics-tests/d3d11_clear.log","68","E9D42089AF5029800BBCAEE04628DC91ADD7BA3D85BF6323B90405AA1DB527A3","a60a31186b1c6765664711dae4810afb461638a1","already-archived","archive/log-imports/20260813-workspace-log-baseline-r1/runtime-logs/graphics-tests/d3d11_clear.log"
"logs/graphics-tests/d3d12_clear.log","81","D9BE88D58F4BEBD0EEF297CAB0166FEE2B51FC5ACE69A613F7AA7B6AD83031C0","274ff6bf61ce28622a2d432883d166210a6054ab","already-archived","archive/log-imports/20260813-workspace-log-baseline-r1/runtime-logs/graphics-tests/d3d12_clear.log"
"logs/graphics-tests/d3d9_clear.log","44","C871D51280A5C4EBF760E207D430F3467D744547ACA5A61C609A2059367647AA","660d23dd453d55a6edaa5d6b9f705f6a490192a8","already-archived","archive/log-imports/20260813-workspace-log-baseline-r1/runtime-logs/graphics-tests/d3d9_clear.log"
"logs/graphics-tests/logs_wgl.txt","2930714","D58120B8580ACA67CF2A0D75F8270A4A1E55FAA5AB666E818D720C99C87D4BE7","a11c1f1a416bf024df9562507190c304a3d3375f","already-archived","archive/runtime-logs/graphics-tests/logs_wgl.txt"
"logs/graphics-tests/wgl_swap_test.log","1022","B810FF523F754CBFF1584E034DEA1721CDF0AACBC5E2681C1FFB4AD227D141AC","d8e95cf1f5b5fa8b4cbe021e0decd7573cec8d2e","already-archived","archive/log-imports/20260813-workspace-log-baseline-r1/runtime-logs/graphics-tests/wgl_swap_test.log"
"logs/MetalGearSolidVGroundZeroes/logs.txt","267383","34BDAB02F7C19576211D271F8F7B1E1ADB3956F8009E94E86BCAB499769B41BD","adfdb71b9bf99206f75018a7bd2f400b06aef860","copied","archive/log-imports/20260814-t1-mgsvgz-d-wined3d-crash-r1/runtime-logs/MetalGearSolidVGroundZeroes/logs.txt"
"logs/MetalGearSolidVGroundZeroes/startup.log","1325","816685B78E8630CC22B8AF97823DB0F974FABD65260725E9FB43D95064939DB4","f7ac98feb8775a63b7d3b7c4942e5d35f10b5939","copied","archive/log-imports/20260814-t1-mgsvgz-d-wined3d-crash-r1/runtime-logs/MetalGearSolidVGroundZeroes/startup.log"
"logs/stardew-valley/logs_disabled.txt","67822","4DC2697DF5FCC532E2745F039BAF0002A0E9FEDE5EBAA6861971157F9E361898","09a6346ccd54e12c696e89badb44361d4ebc6aa6","already-archived","archive/runtime-logs/stardew-valley/logs_disabled.txt"
"logs/stardew-valley/logs_stardew_disabled_e.txt","183173","A11495EBCA1D846C5B7B5485CB6CED7273790C7AD136FBF12A0B37263B34248E","cec0ecb6fc6a03028c9db47c157146a235e30132","already-archived","archive/runtime-logs/stardew-valley/logs_stardew_disabled_e.txt"
"logs/stardew-valley/logs_stardew_icu_native.txt","186502","DD7DC4DBE63A4242B83D6B04490C2BA68D47079E5BFD9A30C23E90A86057111B","b16bdb455f028741b0fdadfa7f9c3b952843274f","already-archived","archive/runtime-logs/stardew-valley/logs_stardew_icu_native.txt"
"logs/stardew-valley/logs_stardew_wine10_clean.txt","652860","EFBEF935E9839C043BC9C10C1A42895D7EFB0E1681331C3B1159D8DC1ED07BDC","f1daa4b0b810d5056403f11f8f7898f690a57018","already-archived","archive/runtime-logs/stardew-valley/logs_stardew_wine10_clean.txt"
"logs/stardew-valley/logs_stardew_wine11_clean.txt","177564","51AE63B492CFF8BF5645E82F2E0CD4A11216E09AEC0ED4E10C7263C463716DC0","e4a2f8d5535450248453c170dac611a2fdaedc30","already-archived","archive/runtime-logs/stardew-valley/logs_stardew_wine11_clean.txt"
"logs/stardew-valley/logs_wine10_18_egl_fallback_stardew.txt","428459","38519A512670E6792957CDBC25B76937C38E67561A4947EEC3F14A524672C1F8","b670f097594cf4a58eabd4ed041219de5be0e319","already-archived","archive/runtime-logs/stardew-valley/logs_wine10_18_egl_fallback_stardew.txt"
"logs/stardew-valley/logs_wine10_18_stardew.txt","103140","C21A02016DF43500C575DFB5D0C395DAFB11EFB1DD236EC44FF295A60C1D547D","3a4e1888ac9f1d4fc08af086ce0125f371af4506","already-archived","archive/runtime-logs/stardew-valley/logs_wine10_18_stardew.txt"
"logs/stardew-valley/logs_wine10_18_wfm_interpreter.txt","9116","BCF5CC56ADE79F94635AD002CCD9680443252F87BF7215960388A1BB093FAA90","5f311517d3d53231bb5fabc1b2d95d0614d22146","already-archived","archive/runtime-logs/stardew-valley/logs_wine10_18_wfm_interpreter.txt"
"logs/stardew-valley/logs_wine10_20_icu_native.txt.txt","439508","72E667E117E10742441C4E66E507138FEFD643C9438477C928965C05ECB93AFE","48a860b482a0629d0322a552c1fa4dbed0a7d11f","already-archived","archive/runtime-logs/stardew-valley/logs_wine10_20_icu_native.txt.txt"
"logs/stardew-valley/logs_wine10_20_stardew.txt","72134","C7EBE1E379EE2F6D5A7F0C0558B6B661D241E41B035D025EAF5FB59346669DB9","132d65377c059731a906c818c476ce9ff88e6f60","already-archived","archive/runtime-logs/stardew-valley/logs_wine10_20_stardew.txt"
"logs/stardew-valley/logs_wine11_f11_box64045_stardew.txt","326029","6F30F6EF07101C0999C424D7D05EF60ECD7A75F8A99AAB54BB0974DB520D3F78","376c68cb581944f7fc507f389e640d63386d9ada","already-archived","archive/runtime-logs/stardew-valley/logs_wine11_f11_box64045_stardew.txt"
"logs/stardew-valley/logs_wine11_f11_stardew.txt","216859","7502B4B300A03D7B54D9197D8E3F43D95C0BB8704949B01C0F2E8869555739BE","29ea53274756a290c8d62bd396825a9c174b7eff","already-archived","archive/runtime-logs/stardew-valley/logs_wine11_f11_stardew.txt"
"logs/stardew-valley/logs_wine11_final_box64045_diagnostic.txt","236885","FECB67662B591E9B39873B4030296EB2B4D4F8E48518710F1330808683907A8A","99fb37e836fc4f009951d80aa4823d553812f4cb","already-archived","archive/runtime-logs/stardew-valley/logs_wine11_final_box64045_diagnostic.txt"
"logs/stardew-valley/logs_wine11_final_box64045_nodynarec_nsiproxy.txt","237757","53740D7524B9A5C7B522135DBCAF433C9A753BEF1AE72311D8D7584449228F86","ab5a62c8a275e4b8ea20cb900d50aaff32ad5dd0","already-archived","archive/runtime-logs/stardew-valley/logs_wine11_final_box64045_nodynarec_nsiproxy.txt"
"logs/stardew-valley/logs_wine11_final_box64045_stardew.txt","339600","17C404D1F8E553020A9A59EC389671A4FDF7BAB7AFF588D10AE74D31895A74E1","6cabbf2696572cb76b1c0da5b87a51411b9f82da","already-archived","archive/runtime-logs/stardew-valley/logs_wine11_final_box64045_stardew.txt"
"logs/stardew-valley/logs_wine11_final_box64045_stardew_retry.txt","188523","3DCEE18D6075F3D98B5A6D46FF57E3BB9A14504A5B0FCBD8AB4E023B019E0F6A","3b605fec3058108ceaddb3c71a316af3a7bf20c9","already-archived","archive/runtime-logs/stardew-valley/logs_wine11_final_box64045_stardew_retry.txt"
"logs/stardew-valley/logs_wine11_final_from_rc5_stardew.txt","187497","B66F09407CC01E3DB1980F7DB9F5ADF44F75722F317B24C966148D0708A22D72","d652c8b4925a36acdc3f9c9941a960a1aabe8435","already-archived","archive/runtime-logs/stardew-valley/logs_wine11_final_from_rc5_stardew.txt"
"logs/stardew-valley/logs_wine11_final_nsiproxy_nullguard_box64045_stardew.txt","362543","90B09AB06EEF8CD5B4D0B2BDA874E4EF4E00878D621537FFE175AF23A8F481EE","530fc0f390cce4da9381da4669bb4553194d7a3d","already-archived","archive/runtime-logs/stardew-valley/logs_wine11_final_nsiproxy_nullguard_box64045_stardew.txt"
"logs/stardew-valley/logs_wine11_final_nsiproxy_nullguard_clean_stardew.txt","237184","1BD7E40FF4CD66B933B2ADBCC09BCCC14D1AEB68BA6DC12B2A7E7C19A4C69255","96e0b1237b0136af62e4db56a5d5f79d159d30c6","already-archived","archive/runtime-logs/stardew-valley/logs_wine11_final_nsiproxy_nullguard_clean_stardew.txt"
"logs/stardew-valley/logs_wine11_rc3_box64045_stardew_recheck.txt","314538","B04A08E877775444F757598B18C3FA6A416ABA4AB58C723344122DD7B60C77BA","d5fd6440a4bec9d01d5aebce02e2818ed09a0a94","already-archived","archive/runtime-logs/stardew-valley/logs_wine11_rc3_box64045_stardew_recheck.txt"
"logs/stardew-valley/logs_wine11_rc3_stardew.txt","317920","D48E905528DC825A29F4995CC32D4914E55081166CE712DA57800CC8A54F13AA","e5fa03b8e98c65e67fd7add76df3610382bf0283","already-archived","archive/runtime-logs/stardew-valley/logs_wine11_rc3_stardew.txt"
"logs/stardew-valley/logs_wine11_rc5_stardew.txt","233257","E7CBB74A53CC902C4A7546165625BCA0EC1B5811A1B471237E61F226937EE6A5","5c37be79871a88d326a7f90035e7518415406586","already-archived","archive/runtime-logs/stardew-valley/logs_wine11_rc5_stardew.txt"
"logs/stardew-valley/startup_preferences","6704","3F851CAFC6E3D5C8C9DB7E1585B48F409D2D95DBF3E572DC5695F49DB406FB35","6a19112f213e1cb5f17c6e2976a681bafc61ca84","already-archived","archive/runtime-logs/stardew-valley/startup_preferences"
"test/graphics/wgl_swap_test.log","225","75E065E5BCDE9774540BB638EE4A40F9210699DED39F8D46D4F70CFFB745F31B","3fc82ade0d67f7e28a7b0d1cd4d15f80f7e50e36","already-archived","archive/log-imports/20260813-workspace-log-baseline-r1/test-logs/graphics/wgl_swap_test.log"
"test/stardew/stardew-disable-networking/steam_settings/disable_networking.txt","70","CD9E7DCEE88E8ADF1824774188CA4A59718C8E0E6E2766DD290835FE7AFCD109","124ba9d2c6adcfd8367d4e9b94dd9b3179e9a816","already-archived","archive/test/stardew/stardew-disable-networking/steam_settings/disable_networking.txt"
